<keymap version="1" name="macOS copy" parent="Mac OS X 10.5+">
  <action id="ActivateTerminalToolWindow">
    <keyboard-shortcut first-keystroke="ctrl back_quote" />
    <keyboard-shortcut first-keystroke="ctrl #10000a7" />
  </action>
  <action id="ChangesView.Move" />
  <action id="CommentByBlockComment" />
  <action id="Console.TableResult.SetDefault" />
  <action id="Debug">
    <keyboard-shortcut first-keystroke="ctrl alt y" />
  </action>
  <action id="Diff.NextChange" />
  <action id="Diff.PrevChange" />
  <action id="EditorCutLineEnd" />
  <action id="GotoAction" />
  <action id="InsertLiveTemplate" />
  <action id="Jdbc.OpenConsole.New" />
  <action id="Jdbc.OpenConsole.New.Generate" />
  <action id="MethodDown" />
  <action id="MethodUp" />
  <action id="NextEditorTab" />
  <action id="NextTab" />
  <action id="PreviousEditorTab" />
  <action id="PreviousTab" />
  <action id="QuickChangeScheme" />
  <action id="Run">
    <keyboard-shortcut first-keystroke="ctrl y" />
  </action>
  <action id="ShowContent" />
  <action id="ShowErrorDescription">
    <keyboard-shortcut first-keystroke="meta f1" />
    <keyboard-shortcut first-keystroke="ctrl k" />
  </action>
  <action id="Terminal.SwitchFocusToEditor" />
  <action id="UsageFiltering.ReadAccess" />
  <action id="Vcs.MoveChangedLinesToChangelist" />
</keymap>