<keymap version="1" name="macOS copy" parent="Mac OS X 10.5+">
  <action id="ActivateTerminalToolWindow">
    <keyboard-shortcut first-keystroke="ctrl semicolon" />
  </action>
  <action id="BookmarksView.Create">
    <keyboard-shortcut first-keystroke="meta n" />
  </action>
  <action id="BraceOrQuoteOut" />
  <action id="ChangesView.Move" />
  <action id="ClassNameCompletion" />
  <action id="CodeFloatingToolbar.GotoNextMenu" />
  <action id="CommentByBlockComment" />
  <action id="Console.TableResult.EditValue">
    <keyboard-shortcut first-keystroke="alt enter" />
    <keyboard-shortcut first-keystroke="f2" />
  </action>
  <action id="Console.TableResult.GotoReferencedResult">
    <mouse-shortcut keystroke="button1 doubleClick" />
    <keyboard-shortcut first-keystroke="alt enter" />
    <keyboard-shortcut first-keystroke="f2" />
  </action>
  <action id="Console.TableResult.SetDefault" />
  <action id="Debug" />
  <action id="Diff.NextChange" />
  <action id="Diff.PrevChange" />
  <action id="DirDiffMenu.SynchronizeDiff" />
  <action id="EditorChooseLookupItem">
    <keyboard-shortcut first-keystroke="ctrl y" />
  </action>
  <action id="EditorChooseLookupItemReplace" />
  <action id="EditorCutLineEnd" />
  <action id="EditorIndentSelection" />
  <action id="ExpandLiveTemplateByTab" />
  <action id="Generate">
    <keyboard-shortcut first-keystroke="meta n" />
  </action>
  <action id="Git.Log.Branches.Change.Branch.Filter">
    <mouse-shortcut keystroke="button1 doubleClick" />
  </action>
  <action id="GotoAction" />
  <action id="GotoBookmark0" />
  <action id="GotoBookmark1">
    <keyboard-shortcut first-keystroke="ctrl alt 1" />
  </action>
  <action id="GotoBookmark2">
    <keyboard-shortcut first-keystroke="ctrl alt 2" />
  </action>
  <action id="GotoBookmark3">
    <keyboard-shortcut first-keystroke="ctrl alt 3" />
  </action>
  <action id="GotoBookmark4">
    <keyboard-shortcut first-keystroke="ctrl alt 4" />
  </action>
  <action id="GotoBookmark5">
    <keyboard-shortcut first-keystroke="ctrl alt 5" />
  </action>
  <action id="GotoBookmark6">
    <keyboard-shortcut first-keystroke="ctrl alt 6" />
  </action>
  <action id="GotoBookmark7">
    <keyboard-shortcut first-keystroke="ctrl alt 7" />
  </action>
  <action id="GotoBookmark8">
    <keyboard-shortcut first-keystroke="ctrl alt 8" />
  </action>
  <action id="GotoBookmark9">
    <keyboard-shortcut first-keystroke="ctrl alt 9" />
  </action>
  <action id="Images.Thumbnails.EnterAction" />
  <action id="InlinePromptGenerateCodeAction" />
  <action id="InsertInlineCompletionAction" />
  <action id="InsertLiveTemplate" />
  <action id="InsertNextEditAction" />
  <action id="Jdbc.OpenConsole.New" />
  <action id="Jdbc.OpenConsole.New.Generate" />
  <action id="MethodDown" />
  <action id="MethodUp" />
  <action id="NewElement">
    <keyboard-shortcut first-keystroke="meta n" />
  </action>
  <action id="NextEditorTab" />
  <action id="NextParameter" />
  <action id="NextTab" />
  <action id="NextTemplateVariable" />
  <action id="NextWindow" />
  <action id="NotebookRunCellAction" />
  <action id="NotebookSelectCellAboveAction" />
  <action id="NotebookSelectCellBelowAction" />
  <action id="PreviousEditorTab" />
  <action id="PreviousTab" />
  <action id="PreviousWindow" />
  <action id="PyExecuteCellAction" />
  <action id="QuickChangeScheme" />
  <action id="Run" />
  <action id="SearchEverywhere.CompleteCommand" />
  <action id="SearchEverywhere.NextTab" />
  <action id="ShowContent" />
  <action id="ShowErrorDescription">
    <keyboard-shortcut first-keystroke="meta f1" />
    <keyboard-shortcut first-keystroke="ctrl k" />
  </action>
  <action id="SplitChooser.NextWindow" />
  <action id="SplitChooser.Split" />
  <action id="Terminal.CommandCompletion" />
  <action id="Terminal.SwitchFocusToEditor" />
  <action id="UsageFiltering.ReadAccess" />
  <action id="Vcs.MoveChangedLinesToChangelist" />
  <action id="performancePlugin.ShowMemoryDialogAction">
    <keyboard-shortcut first-keystroke="meta alt h" />
  </action>
</keymap>