<application>
  <component name="Trusted.Paths">
    <option name="TRUSTED_PROJECT_PATHS">
      <map>
        <entry key="$USER_HOME$/GolandProjects/1brc-challenge" value="true" />
        <entry key="$USER_HOME$/GolandProjects/advent-of-code-2022" value="true" />
        <entry key="$USER_HOME$/GolandProjects/awesomeProject" value="true" />
        <entry key="$USER_HOME$/GolandProjects/calculator" value="true" />
        <entry key="$USER_HOME$/GolandProjects/chatroom" value="true" />
        <entry key="$USER_HOME$/GolandProjects/container-from-scratch" value="true" />
        <entry key="$USER_HOME$/GolandProjects/currency-converter" value="true" />
        <entry key="$USER_HOME$/GolandProjects/deadlink" value="true" />
        <entry key="$USER_HOME$/GolandProjects/docker-image-publish" value="true" />
        <entry key="$USER_HOME$/GolandProjects/donkeytype" value="true" />
        <entry key="$USER_HOME$/GolandProjects/go-chat" value="true" />
        <entry key="$USER_HOME$/GolandProjects/gobank" value="true" />
        <entry key="$USER_HOME$/GolandProjects/golab" value="true" />
        <entry key="$USER_HOME$/GolandProjects/hello-future-world-go" value="true" />
        <entry key="$USER_HOME$/GolandProjects/kleiner" value="true" />
        <entry key="$USER_HOME$/GolandProjects/lab" value="true" />
        <entry key="$USER_HOME$/GolandProjects/live-broadcast-chat" value="true" />
        <entry key="$USER_HOME$/GolandProjects/mattermost-server" value="true" />
        <entry key="$USER_HOME$/GolandProjects/monkey-interpreter" value="true" />
        <entry key="$USER_HOME$/GolandProjects/playground" value="true" />
        <entry key="$USER_HOME$/GolandProjects/portfolio" value="true" />
        <entry key="$USER_HOME$/GolandProjects/price-fetcher" value="true" />
        <entry key="$USER_HOME$/GolandProjects/reverse-proxy" value="true" />
        <entry key="$USER_HOME$/GolandProjects/rssagg" value="true" />
        <entry key="$USER_HOME$/GolandProjects/shorturl" value="true" />
        <entry key="$USER_HOME$/GolandProjects/silver-screen-management" value="true" />
        <entry key="$USER_HOME$/GolandProjects/silverscreen" value="true" />
        <entry key="$USER_HOME$/GolandProjects/snippetbox" value="true" />
        <entry key="$USER_HOME$/GolandProjects/socials" value="true" />
        <entry key="$USER_HOME$/GolandProjects/tinyurl" value="true" />
        <entry key="$USER_HOME$/GolandProjects/todo-cli" value="true" />
        <entry key="$USER_HOME$/GolandProjects/web-service-gin" value="true" />
        <entry key="$USER_HOME$/GolandProjects/xchain" value="true" />
        <entry key="$APPLICATION_CONFIG_DIR$/projects/f07a51bad8697026d6ce3e7b837dbc6180c7b293" value="true" />
        <entry key="$USER_HOME$/SolidityLand/foundry-f23" value="true" />
      </map>
    </option>
  </component>
  <component name="Trusted.Paths.Settings">
    <option name="TRUSTED_PATHS">
      <list>
        <option value="$USER_HOME$/GolandProjects" />
        <option value="$USER_HOME$/SolidityLand" />
      </list>
    </option>
  </component>
</application>