<application>
  <component name="DimensionService">
    <location key="find.popup.0.0.2940.1912@192dpi" x="1030" y="294" />
    <location key="find.popup.-260.-1080.1920.1080" x="413" y="-946" />
    <location key="find.popup.-1920.-366.1920.1080" x="-1196" y="-251" />
    <location key="find.popup.0.0.3024.1964@192dpi" x="1040" y="304" />
    <location key="find.popup.-211.-1080.1920.1080" x="450" y="-918" />
    <size key="GridCell.Tab.0.left.0.0.2940.1912@192dpi" width="2776" height="522" />
    <size key="GridCell.Tab.0.center.0.0.2940.1912@192dpi" width="2776" height="522" />
    <size key="GridCell.Tab.0.right.0.0.2940.1912@192dpi" width="2776" height="522" />
    <size key="GridCell.Tab.0.bottom.0.0.2940.1912@192dpi" width="2776" height="522" />
    <size key="find.popup.0.0.2940.1912@192dpi" width="1286" height="1080" />
    <size key="GridCell.Tab.1.left.0.0.2940.1912@192dpi" width="2776" height="522" />
    <size key="GridCell.Tab.1.center.0.0.2940.1912@192dpi" width="2776" height="522" />
    <size key="GridCell.Tab.1.right.0.0.2940.1912@192dpi" width="2776" height="522" />
    <size key="GridCell.Tab.1.bottom.0.0.2940.1912@192dpi" width="2776" height="522" />
    <size key="GridCell.Tab.0.left.-260.-1080.1920.1080" width="1838" height="375" />
    <size key="GridCell.Tab.0.center.-260.-1080.1920.1080" width="1838" height="375" />
    <size key="GridCell.Tab.0.right.-260.-1080.1920.1080" width="1838" height="375" />
    <size key="GridCell.Tab.0.bottom.-260.-1080.1920.1080" width="1838" height="375" />
    <size key="GridCell.Tab.1.left.-260.-1080.1920.1080" width="1838" height="313" />
    <size key="GridCell.Tab.1.center.-260.-1080.1920.1080" width="1838" height="313" />
    <size key="GridCell.Tab.1.right.-260.-1080.1920.1080" width="1838" height="313" />
    <size key="GridCell.Tab.1.bottom.-260.-1080.1920.1080" width="1838" height="313" />
    <size key="find.popup.-260.-1080.1920.1080" width="587" height="478" />
    <size key="GridCell.Tab.0.left.1036.-1080.1920.1080" width="1838" height="314" />
    <size key="GridCell.Tab.0.center.1036.-1080.1920.1080" width="1838" height="314" />
    <size key="GridCell.Tab.0.right.1036.-1080.1920.1080" width="1838" height="314" />
    <size key="GridCell.Tab.0.bottom.1036.-1080.1920.1080" width="1838" height="314" />
    <size key="find.popup.-1920.-366.1920.1080" width="643" height="810" />
    <size key="GridCell.Tab.0.left.-1920.-366.1920.1080" width="1838" height="260" />
    <size key="GridCell.Tab.0.center.-1920.-366.1920.1080" width="1838" height="260" />
    <size key="GridCell.Tab.0.right.-1920.-366.1920.1080" width="1838" height="260" />
    <size key="GridCell.Tab.0.bottom.-1920.-366.1920.1080" width="1838" height="260" />
    <size key="GridCell.Tab.1.left.-1920.-366.1920.1080" width="1838" height="603" />
    <size key="GridCell.Tab.1.center.-1920.-366.1920.1080" width="1838" height="603" />
    <size key="GridCell.Tab.1.right.-1920.-366.1920.1080" width="1838" height="603" />
    <size key="GridCell.Tab.1.bottom.-1920.-366.1920.1080" width="1838" height="603" />
    <size key="GridCell.Tab.0.left.0.0.3024.1964@192dpi" width="2860" height="744" />
    <size key="GridCell.Tab.0.center.0.0.3024.1964@192dpi" width="2860" height="744" />
    <size key="GridCell.Tab.0.right.0.0.3024.1964@192dpi" width="2860" height="744" />
    <size key="GridCell.Tab.0.bottom.0.0.3024.1964@192dpi" width="2860" height="744" />
    <size key="GridCell.Tab.1.left.0.0.3024.1964@192dpi" width="2860" height="1012" />
    <size key="GridCell.Tab.1.center.0.0.3024.1964@192dpi" width="2860" height="1012" />
    <size key="GridCell.Tab.1.right.0.0.3024.1964@192dpi" width="2860" height="1012" />
    <size key="GridCell.Tab.1.bottom.0.0.3024.1964@192dpi" width="2860" height="1012" />
    <size key="GridCell.Tab.0.left.-1920.-365.1920.1080" width="1286" height="314" />
    <size key="GridCell.Tab.0.center.-1920.-365.1920.1080" width="1286" height="314" />
    <size key="GridCell.Tab.0.right.-1920.-365.1920.1080" width="1286" height="314" />
    <size key="GridCell.Tab.0.bottom.-1920.-365.1920.1080" width="1286" height="314" />
    <size key="find.popup.0.0.3024.1964@192dpi" width="1286" height="1080" />
    <size key="GridCell.Tab.0.left.-228.-1080.1920.1080" width="1838" height="269" />
    <size key="GridCell.Tab.0.center.-228.-1080.1920.1080" width="1838" height="269" />
    <size key="GridCell.Tab.0.right.-228.-1080.1920.1080" width="1838" height="269" />
    <size key="GridCell.Tab.0.bottom.-228.-1080.1920.1080" width="1838" height="269" />
    <size key="find.popup.-211.-1080.1920.1080" width="817" height="598" />
  </component>
  <component name="WindowManager">
    <frame x="0" y="33" width="1512" height="949" extendedState="6" fullScreen="true" />
  </component>
  <component name="WindowStateApplicationService">
    <state width="577" height="267" key="ShowUsagesActions.dimensionServiceKey" timestamp="1758872037414">
      <screen x="0" y="34" width="1512" height="948" />
    </state>
    <state width="577" height="267" key="ShowUsagesActions.dimensionServiceKey/0.34.1512.948" timestamp="1758872037414" />
    <state width="577" height="107" key="ShowUsagesActions.dimensionServiceKey/0.34.1512.948/-211.-1049.1920.1049" timestamp="1756470406456" />
    <state x="756" y="466" width="800" height="680" key="WELCOME_SCREEN" timestamp="1750788926499">
      <screen x="0" y="38" width="1512" height="944" />
    </state>
    <state x="756" y="466" width="800" height="680" key="WELCOME_SCREEN/0.38.1512.944" timestamp="1750788926499" />
  </component>
</application>