<application>
  <component name="DimensionService">
    <location key="find.popup.0.0.2940.1912@192dpi" x="1030" y="294" />
    <location key="find.popup.-260.-1080.1920.1080" x="413" y="-946" />
    <location key="find.popup.-1920.-366.1920.1080" x="-1196" y="-251" />
    <location key="find.popup.0.0.3024.1964@192dpi" x="1040" y="304" />
    <size key="GridCell.Tab.0.left.0.0.2940.1912@192dpi" width="2776" height="522" />
    <size key="GridCell.Tab.0.center.0.0.2940.1912@192dpi" width="2776" height="522" />
    <size key="GridCell.Tab.0.right.0.0.2940.1912@192dpi" width="2776" height="522" />
    <size key="GridCell.Tab.0.bottom.0.0.2940.1912@192dpi" width="2776" height="522" />
    <size key="find.popup.0.0.2940.1912@192dpi" width="1286" height="1080" />
    <size key="GridCell.Tab.1.left.0.0.2940.1912@192dpi" width="2776" height="522" />
    <size key="GridCell.Tab.1.center.0.0.2940.1912@192dpi" width="2776" height="522" />
    <size key="GridCell.Tab.1.right.0.0.2940.1912@192dpi" width="2776" height="522" />
    <size key="GridCell.Tab.1.bottom.0.0.2940.1912@192dpi" width="2776" height="522" />
    <size key="GridCell.Tab.0.left.-260.-1080.1920.1080" width="1838" height="375" />
    <size key="GridCell.Tab.0.center.-260.-1080.1920.1080" width="1838" height="375" />
    <size key="GridCell.Tab.0.right.-260.-1080.1920.1080" width="1838" height="375" />
    <size key="GridCell.Tab.0.bottom.-260.-1080.1920.1080" width="1838" height="375" />
    <size key="GridCell.Tab.1.left.-260.-1080.1920.1080" width="1838" height="313" />
    <size key="GridCell.Tab.1.center.-260.-1080.1920.1080" width="1838" height="313" />
    <size key="GridCell.Tab.1.right.-260.-1080.1920.1080" width="1838" height="313" />
    <size key="GridCell.Tab.1.bottom.-260.-1080.1920.1080" width="1838" height="313" />
    <size key="find.popup.-260.-1080.1920.1080" width="587" height="478" />
    <size key="GridCell.Tab.0.left.1036.-1080.1920.1080" width="1838" height="314" />
    <size key="GridCell.Tab.0.center.1036.-1080.1920.1080" width="1838" height="314" />
    <size key="GridCell.Tab.0.right.1036.-1080.1920.1080" width="1838" height="314" />
    <size key="GridCell.Tab.0.bottom.1036.-1080.1920.1080" width="1838" height="314" />
    <size key="find.popup.-1920.-366.1920.1080" width="643" height="810" />
    <size key="GridCell.Tab.0.left.-1920.-366.1920.1080" width="1838" height="260" />
    <size key="GridCell.Tab.0.center.-1920.-366.1920.1080" width="1838" height="260" />
    <size key="GridCell.Tab.0.right.-1920.-366.1920.1080" width="1838" height="260" />
    <size key="GridCell.Tab.0.bottom.-1920.-366.1920.1080" width="1838" height="260" />
    <size key="GridCell.Tab.1.left.-1920.-366.1920.1080" width="1838" height="603" />
    <size key="GridCell.Tab.1.center.-1920.-366.1920.1080" width="1838" height="603" />
    <size key="GridCell.Tab.1.right.-1920.-366.1920.1080" width="1838" height="603" />
    <size key="GridCell.Tab.1.bottom.-1920.-366.1920.1080" width="1838" height="603" />
    <size key="GridCell.Tab.0.left.0.0.3024.1964@192dpi" width="2860" height="538" />
    <size key="GridCell.Tab.0.center.0.0.3024.1964@192dpi" width="2860" height="538" />
    <size key="GridCell.Tab.0.right.0.0.3024.1964@192dpi" width="2860" height="538" />
    <size key="GridCell.Tab.0.bottom.0.0.3024.1964@192dpi" width="2860" height="538" />
    <size key="GridCell.Tab.1.left.0.0.3024.1964@192dpi" width="2860" height="538" />
    <size key="GridCell.Tab.1.center.0.0.3024.1964@192dpi" width="2860" height="538" />
    <size key="GridCell.Tab.1.right.0.0.3024.1964@192dpi" width="2860" height="538" />
    <size key="GridCell.Tab.1.bottom.0.0.3024.1964@192dpi" width="2860" height="538" />
    <size key="GridCell.Tab.0.left.-1920.-365.1920.1080" width="1286" height="314" />
    <size key="GridCell.Tab.0.center.-1920.-365.1920.1080" width="1286" height="314" />
    <size key="GridCell.Tab.0.right.-1920.-365.1920.1080" width="1286" height="314" />
    <size key="GridCell.Tab.0.bottom.-1920.-365.1920.1080" width="1286" height="314" />
    <size key="find.popup.0.0.3024.1964@192dpi" width="1286" height="1080" />
    <size key="GridCell.Tab.0.left.-228.-1080.1920.1080" width="1838" height="269" />
    <size key="GridCell.Tab.0.center.-228.-1080.1920.1080" width="1838" height="269" />
    <size key="GridCell.Tab.0.right.-228.-1080.1920.1080" width="1838" height="269" />
    <size key="GridCell.Tab.0.bottom.-228.-1080.1920.1080" width="1838" height="269" />
  </component>
  <component name="WindowManager">
    <frame x="0" y="37" width="1512" height="945" extendedState="6" fullScreen="true" />
  </component>
  <component name="WindowStateApplicationService">
    <state x="356" y="123" width="800" height="680" key="#Docker" timestamp="1748091395427">
      <screen x="0" y="38" width="1512" height="944" />
    </state>
    <state x="356" y="123" width="800" height="680" key="#Docker/0.38.1512.944" timestamp="1748091395427" />
    <state x="356" y="109" width="800" height="800" key="DbModifyObjectDialog" timestamp="1743014411579">
      <screen x="0" y="32" width="1512" height="950" />
    </state>
    <state x="356" y="109" width="800" height="800" key="DbModifyObjectDialog/0.32.1512.950" timestamp="1743014411579" />
    <state width="498" height="107" key="ShowUsagesActions.dimensionServiceKey" timestamp="1745754441555">
      <screen x="0" y="32" width="1512" height="950" />
    </state>
    <state width="457" height="107" key="ShowUsagesActions.dimensionServiceKey/0.32.1512.950" timestamp="1745306110841" />
    <state width="498" height="107" key="ShowUsagesActions.dimensionServiceKey/0.32.1512.950/-228.-1055.1920.1055" timestamp="1745754441555" />
    <state x="756" y="466" width="800" height="680" key="WELCOME_SCREEN" timestamp="1750788926499">
      <screen x="0" y="38" width="1512" height="944" />
    </state>
    <state x="756" y="466" width="800" height="680" key="WELCOME_SCREEN/0.38.1512.944" timestamp="1750788926499" />
    <state x="-960" y="390" width="800" height="675" key="WELCOME_SCREEN/0.38.1512.944/-1920.-73.1920.1055" timestamp="1748845336976" />
    <state x="756" y="464" width="800" height="670" key="WELCOME_SCREEN/0.38.1512.944/-228.-1055.1920.1055" timestamp="1744533344446" />
  </component>
</application>