<application>
  <component name="FileTypeManager" version="19">
    <ignoreFiles list="*$py.class;*.pyc;*.pyo;*.rbc;*.yarb;*~;.DS_Store;.git;.hg;.mypy_cache;.pytest_cache;.ruff_cache;.svn;CVS;__pycache__;_svn;vssver.scc;vssver2.scc" />
    <extensionMap>
      <mapping ext="rtf" type="PLAIN_TEXT" />
      <mapping ext="db" type="PLAIN_TEXT" />
      <removed_mapping ext="postman_collection" approved="true" type="JSON" />
      <removed_mapping ext="postman_collection.json" approved="true" type="JSON" />
      <removed_mapping ext="postman_environment" approved="true" type="JSON" />
      <removed_mapping ext="postman_environment.json" approved="true" type="JSON" />
      <removed_mapping ext="pstat" approved="true" type="PLAIN_TEXT" />
      <removed_mapping pattern=".devcontainer.json" approved="true" type="JSON5" />
      <removed_mapping pattern=".prettierrc" approved="true" type="JSON" />
      <removed_mapping pattern="devcontainer.json" approved="true" type="JSON5" />
    </extensionMap>
  </component>
</application>