<application>
  <component name="DimensionService">
    <size key="GridCell.Tab.0.left.0.0.3024.1964@192dpi" width="1102" height="606" />
    <size key="GridCell.Tab.0.center.0.0.3024.1964@192dpi" width="1102" height="606" />
    <size key="GridCell.Tab.0.right.0.0.3024.1964@192dpi" width="1102" height="606" />
    <size key="GridCell.Tab.0.bottom.0.0.3024.1964@192dpi" width="1102" height="606" />
    <size key="GridCell.Tab.1.left.0.0.3024.1964@192dpi" width="1102" height="606" />
    <size key="GridCell.Tab.1.center.0.0.3024.1964@192dpi" width="1102" height="606" />
    <size key="GridCell.Tab.1.right.0.0.3024.1964@192dpi" width="1102" height="606" />
    <size key="GridCell.Tab.1.bottom.0.0.3024.1964@192dpi" width="1102" height="606" />
    <size key="GridCell.Tab.2.left.0.0.3024.1964@192dpi" width="1068" height="606" />
    <size key="GridCell.Tab.2.center.0.0.3024.1964@192dpi" width="1068" height="606" />
    <size key="GridCell.Tab.2.right.0.0.3024.1964@192dpi" width="1068" height="606" />
    <size key="GridCell.Tab.2.bottom.0.0.3024.1964@192dpi" width="1068" height="606" />
    <size key="GridCell.Tab.3.left.0.0.3024.1964@192dpi" width="1128" height="606" />
    <size key="GridCell.Tab.3.center.0.0.3024.1964@192dpi" width="1128" height="606" />
    <size key="GridCell.Tab.3.right.0.0.3024.1964@192dpi" width="1128" height="606" />
    <size key="GridCell.Tab.3.bottom.0.0.3024.1964@192dpi" width="1128" height="606" />
    <size key="GridCell.Tab.0.left.1512.-657.1920.1080" width="1494" height="303" />
    <size key="GridCell.Tab.0.center.1512.-657.1920.1080" width="1494" height="303" />
    <size key="GridCell.Tab.0.right.1512.-657.1920.1080" width="1494" height="303" />
    <size key="GridCell.Tab.0.bottom.1512.-657.1920.1080" width="1494" height="303" />
    <size key="GridCell.Tab.1.left.1512.-657.1920.1080" width="1494" height="303" />
    <size key="GridCell.Tab.1.center.1512.-657.1920.1080" width="1494" height="303" />
    <size key="GridCell.Tab.1.right.1512.-657.1920.1080" width="1494" height="303" />
    <size key="GridCell.Tab.1.bottom.1512.-657.1920.1080" width="1494" height="303" />
    <size key="GridCell.Tab.2.left.1512.-657.1920.1080" width="1494" height="303" />
    <size key="GridCell.Tab.2.center.1512.-657.1920.1080" width="1494" height="303" />
    <size key="GridCell.Tab.2.right.1512.-657.1920.1080" width="1494" height="303" />
    <size key="GridCell.Tab.2.bottom.1512.-657.1920.1080" width="1494" height="303" />
    <size key="GridCell.Tab.3.left.1512.-657.1920.1080" width="1494" height="303" />
    <size key="GridCell.Tab.3.center.1512.-657.1920.1080" width="1494" height="303" />
    <size key="GridCell.Tab.3.right.1512.-657.1920.1080" width="1494" height="303" />
    <size key="GridCell.Tab.3.bottom.1512.-657.1920.1080" width="1494" height="303" />
    <size key="GridCell.Tab.4.left.1512.-657.1920.1080" width="1494" height="303" />
    <size key="GridCell.Tab.4.center.1512.-657.1920.1080" width="1494" height="303" />
    <size key="GridCell.Tab.4.right.1512.-657.1920.1080" width="1494" height="303" />
    <size key="GridCell.Tab.4.bottom.1512.-657.1920.1080" width="1494" height="303" />
    <size key="GridCell.Tab.5.left.1512.-657.1920.1080" width="1494" height="303" />
    <size key="GridCell.Tab.5.center.1512.-657.1920.1080" width="1494" height="303" />
    <size key="GridCell.Tab.5.right.1512.-657.1920.1080" width="1494" height="303" />
    <size key="GridCell.Tab.5.bottom.1512.-657.1920.1080" width="1494" height="303" />
    <size key="GridCell.Tab.6.left.1512.-657.1920.1080" width="1494" height="303" />
    <size key="GridCell.Tab.6.center.1512.-657.1920.1080" width="1494" height="303" />
    <size key="GridCell.Tab.6.right.1512.-657.1920.1080" width="1494" height="303" />
    <size key="GridCell.Tab.6.bottom.1512.-657.1920.1080" width="1494" height="303" />
    <size key="GridCell.Tab.7.left.1512.-657.1920.1080" width="1494" height="303" />
    <size key="GridCell.Tab.7.center.1512.-657.1920.1080" width="1494" height="303" />
    <size key="GridCell.Tab.7.right.1512.-657.1920.1080" width="1494" height="303" />
    <size key="GridCell.Tab.7.bottom.1512.-657.1920.1080" width="1494" height="303" />
    <size key="GridCell.Tab.8.left.1512.-657.1920.1080" width="1494" height="303" />
    <size key="GridCell.Tab.8.center.1512.-657.1920.1080" width="1494" height="303" />
    <size key="GridCell.Tab.8.right.1512.-657.1920.1080" width="1494" height="303" />
    <size key="GridCell.Tab.8.bottom.1512.-657.1920.1080" width="1494" height="303" />
    <size key="GridCell.Tab.9.left.1512.-657.1920.1080" width="1494" height="303" />
    <size key="GridCell.Tab.9.center.1512.-657.1920.1080" width="1494" height="303" />
    <size key="GridCell.Tab.9.right.1512.-657.1920.1080" width="1494" height="303" />
    <size key="GridCell.Tab.9.bottom.1512.-657.1920.1080" width="1494" height="303" />
    <size key="GridCell.Tab.10.left.1512.-657.1920.1080" width="1494" height="303" />
    <size key="GridCell.Tab.10.center.1512.-657.1920.1080" width="1494" height="303" />
    <size key="GridCell.Tab.10.right.1512.-657.1920.1080" width="1494" height="303" />
    <size key="GridCell.Tab.10.bottom.1512.-657.1920.1080" width="1494" height="303" />
    <size key="GridCell.Tab.11.left.1512.-657.1920.1080" width="1494" height="303" />
    <size key="GridCell.Tab.11.center.1512.-657.1920.1080" width="1494" height="303" />
    <size key="GridCell.Tab.11.right.1512.-657.1920.1080" width="1494" height="303" />
    <size key="GridCell.Tab.11.bottom.1512.-657.1920.1080" width="1494" height="303" />
    <size key="GridCell.Tab.12.left.1512.-657.1920.1080" width="1494" height="303" />
    <size key="GridCell.Tab.12.center.1512.-657.1920.1080" width="1494" height="303" />
    <size key="GridCell.Tab.12.right.1512.-657.1920.1080" width="1494" height="303" />
    <size key="GridCell.Tab.12.bottom.1512.-657.1920.1080" width="1494" height="303" />
    <size key="GridCell.Tab.13.left.1512.-657.1920.1080" width="1494" height="303" />
    <size key="GridCell.Tab.13.center.1512.-657.1920.1080" width="1494" height="303" />
    <size key="GridCell.Tab.13.right.1512.-657.1920.1080" width="1494" height="303" />
    <size key="GridCell.Tab.13.bottom.1512.-657.1920.1080" width="1494" height="303" />
    <size key="GridCell.Tab.14.left.1512.-657.1920.1080" width="1494" height="303" />
    <size key="GridCell.Tab.14.center.1512.-657.1920.1080" width="1494" height="303" />
    <size key="GridCell.Tab.14.right.1512.-657.1920.1080" width="1494" height="303" />
    <size key="GridCell.Tab.14.bottom.1512.-657.1920.1080" width="1494" height="303" />
    <size key="GridCell.Tab.15.left.1512.-657.1920.1080" width="1494" height="303" />
    <size key="GridCell.Tab.15.center.1512.-657.1920.1080" width="1494" height="303" />
    <size key="GridCell.Tab.15.right.1512.-657.1920.1080" width="1494" height="303" />
    <size key="GridCell.Tab.15.bottom.1512.-657.1920.1080" width="1494" height="303" />
    <size key="GridCell.Tab.16.left.1512.-657.1920.1080" width="1494" height="303" />
    <size key="GridCell.Tab.16.center.1512.-657.1920.1080" width="1494" height="303" />
    <size key="GridCell.Tab.16.right.1512.-657.1920.1080" width="1494" height="303" />
    <size key="GridCell.Tab.16.bottom.1512.-657.1920.1080" width="1494" height="303" />
    <size key="GridCell.Tab.17.left.1512.-657.1920.1080" width="1494" height="303" />
    <size key="GridCell.Tab.17.center.1512.-657.1920.1080" width="1494" height="303" />
    <size key="GridCell.Tab.17.right.1512.-657.1920.1080" width="1494" height="303" />
    <size key="GridCell.Tab.17.bottom.1512.-657.1920.1080" width="1494" height="303" />
    <size key="GridCell.Tab.18.left.1512.-657.1920.1080" width="1494" height="303" />
    <size key="GridCell.Tab.18.center.1512.-657.1920.1080" width="1494" height="303" />
    <size key="GridCell.Tab.18.right.1512.-657.1920.1080" width="1494" height="303" />
    <size key="GridCell.Tab.18.bottom.1512.-657.1920.1080" width="1494" height="303" />
    <size key="GridCell.Tab.19.left.1512.-657.1920.1080" width="1494" height="303" />
    <size key="GridCell.Tab.19.center.1512.-657.1920.1080" width="1494" height="303" />
    <size key="GridCell.Tab.19.right.1512.-657.1920.1080" width="1494" height="303" />
    <size key="GridCell.Tab.19.bottom.1512.-657.1920.1080" width="1494" height="303" />
    <size key="GridCell.Tab.20.left.1512.-657.1920.1080" width="1494" height="303" />
    <size key="GridCell.Tab.20.center.1512.-657.1920.1080" width="1494" height="303" />
    <size key="GridCell.Tab.20.right.1512.-657.1920.1080" width="1494" height="303" />
    <size key="GridCell.Tab.20.bottom.1512.-657.1920.1080" width="1494" height="303" />
    <size key="GridCell.Tab.21.left.1512.-657.1920.1080" width="1494" height="303" />
    <size key="GridCell.Tab.21.center.1512.-657.1920.1080" width="1494" height="303" />
    <size key="GridCell.Tab.21.right.1512.-657.1920.1080" width="1494" height="303" />
    <size key="GridCell.Tab.21.bottom.1512.-657.1920.1080" width="1494" height="303" />
    <size key="GridCell.Tab.22.left.1512.-657.1920.1080" width="1494" height="303" />
    <size key="GridCell.Tab.22.center.1512.-657.1920.1080" width="1494" height="303" />
    <size key="GridCell.Tab.22.right.1512.-657.1920.1080" width="1494" height="303" />
    <size key="GridCell.Tab.22.bottom.1512.-657.1920.1080" width="1494" height="303" />
    <size key="GridCell.Tab.4.left.0.0.3024.1964@192dpi" width="1128" height="606" />
    <size key="GridCell.Tab.4.center.0.0.3024.1964@192dpi" width="1128" height="606" />
    <size key="GridCell.Tab.4.right.0.0.3024.1964@192dpi" width="1128" height="606" />
    <size key="GridCell.Tab.4.bottom.0.0.3024.1964@192dpi" width="1128" height="606" />
    <size key="GridCell.Tab.5.left.0.0.3024.1964@192dpi" width="1128" height="606" />
    <size key="GridCell.Tab.5.center.0.0.3024.1964@192dpi" width="1128" height="606" />
    <size key="GridCell.Tab.5.right.0.0.3024.1964@192dpi" width="1128" height="606" />
    <size key="GridCell.Tab.5.bottom.0.0.3024.1964@192dpi" width="1128" height="606" />
    <size key="GridCell.Tab.6.left.0.0.3024.1964@192dpi" width="1128" height="606" />
    <size key="GridCell.Tab.6.center.0.0.3024.1964@192dpi" width="1128" height="606" />
    <size key="GridCell.Tab.6.right.0.0.3024.1964@192dpi" width="1128" height="606" />
    <size key="GridCell.Tab.6.bottom.0.0.3024.1964@192dpi" width="1128" height="606" />
    <size key="GridCell.Tab.7.left.0.0.3024.1964@192dpi" width="1128" height="606" />
    <size key="GridCell.Tab.7.center.0.0.3024.1964@192dpi" width="1128" height="606" />
    <size key="GridCell.Tab.7.right.0.0.3024.1964@192dpi" width="1128" height="606" />
    <size key="GridCell.Tab.7.bottom.0.0.3024.1964@192dpi" width="1128" height="606" />
    <size key="GridCell.Tab.8.left.0.0.3024.1964@192dpi" width="1128" height="606" />
    <size key="GridCell.Tab.8.center.0.0.3024.1964@192dpi" width="1128" height="606" />
    <size key="GridCell.Tab.8.right.0.0.3024.1964@192dpi" width="1128" height="606" />
    <size key="GridCell.Tab.8.bottom.0.0.3024.1964@192dpi" width="1128" height="606" />
    <size key="GridCell.Tab.9.left.0.0.3024.1964@192dpi" width="1128" height="606" />
    <size key="GridCell.Tab.9.center.0.0.3024.1964@192dpi" width="1128" height="606" />
    <size key="GridCell.Tab.9.right.0.0.3024.1964@192dpi" width="1128" height="606" />
    <size key="GridCell.Tab.9.bottom.0.0.3024.1964@192dpi" width="1128" height="606" />
    <size key="GridCell.Tab.10.left.0.0.3024.1964@192dpi" width="1128" height="606" />
    <size key="GridCell.Tab.10.center.0.0.3024.1964@192dpi" width="1128" height="606" />
    <size key="GridCell.Tab.10.right.0.0.3024.1964@192dpi" width="1128" height="606" />
    <size key="GridCell.Tab.10.bottom.0.0.3024.1964@192dpi" width="1128" height="606" />
    <size key="GridCell.Tab.11.left.0.0.3024.1964@192dpi" width="1128" height="606" />
    <size key="GridCell.Tab.11.center.0.0.3024.1964@192dpi" width="1128" height="606" />
    <size key="GridCell.Tab.11.right.0.0.3024.1964@192dpi" width="1128" height="606" />
    <size key="GridCell.Tab.11.bottom.0.0.3024.1964@192dpi" width="1128" height="606" />
    <size key="GridCell.Tab.12.left.0.0.3024.1964@192dpi" width="1128" height="606" />
    <size key="GridCell.Tab.12.center.0.0.3024.1964@192dpi" width="1128" height="606" />
    <size key="GridCell.Tab.12.right.0.0.3024.1964@192dpi" width="1128" height="606" />
    <size key="GridCell.Tab.12.bottom.0.0.3024.1964@192dpi" width="1128" height="606" />
    <size key="GridCell.Tab.13.left.0.0.3024.1964@192dpi" width="1128" height="606" />
    <size key="GridCell.Tab.13.center.0.0.3024.1964@192dpi" width="1128" height="606" />
    <size key="GridCell.Tab.13.right.0.0.3024.1964@192dpi" width="1128" height="606" />
    <size key="GridCell.Tab.13.bottom.0.0.3024.1964@192dpi" width="1128" height="606" />
    <size key="GridCell.Tab.14.left.0.0.3024.1964@192dpi" width="1128" height="606" />
    <size key="GridCell.Tab.14.center.0.0.3024.1964@192dpi" width="1128" height="606" />
    <size key="GridCell.Tab.14.right.0.0.3024.1964@192dpi" width="1128" height="606" />
    <size key="GridCell.Tab.14.bottom.0.0.3024.1964@192dpi" width="1128" height="606" />
    <size key="GridCell.Tab.15.left.0.0.3024.1964@192dpi" width="1128" height="606" />
    <size key="GridCell.Tab.15.center.0.0.3024.1964@192dpi" width="1128" height="606" />
    <size key="GridCell.Tab.15.right.0.0.3024.1964@192dpi" width="1128" height="606" />
    <size key="GridCell.Tab.15.bottom.0.0.3024.1964@192dpi" width="1128" height="606" />
    <size key="GridCell.Tab.16.left.0.0.3024.1964@192dpi" width="1128" height="606" />
    <size key="GridCell.Tab.16.center.0.0.3024.1964@192dpi" width="1128" height="606" />
    <size key="GridCell.Tab.16.right.0.0.3024.1964@192dpi" width="1128" height="606" />
    <size key="GridCell.Tab.16.bottom.0.0.3024.1964@192dpi" width="1128" height="606" />
    <size key="GridCell.Tab.17.left.0.0.3024.1964@192dpi" width="1128" height="606" />
    <size key="GridCell.Tab.17.center.0.0.3024.1964@192dpi" width="1128" height="606" />
    <size key="GridCell.Tab.17.right.0.0.3024.1964@192dpi" width="1128" height="606" />
    <size key="GridCell.Tab.17.bottom.0.0.3024.1964@192dpi" width="1128" height="606" />
    <size key="GridCell.Tab.18.left.0.0.3024.1964@192dpi" width="1128" height="606" />
    <size key="GridCell.Tab.18.center.0.0.3024.1964@192dpi" width="1128" height="606" />
    <size key="GridCell.Tab.18.right.0.0.3024.1964@192dpi" width="1128" height="606" />
    <size key="GridCell.Tab.18.bottom.0.0.3024.1964@192dpi" width="1128" height="606" />
    <size key="GridCell.Tab.19.left.0.0.3024.1964@192dpi" width="1128" height="606" />
    <size key="GridCell.Tab.19.center.0.0.3024.1964@192dpi" width="1128" height="606" />
    <size key="GridCell.Tab.19.right.0.0.3024.1964@192dpi" width="1128" height="606" />
    <size key="GridCell.Tab.19.bottom.0.0.3024.1964@192dpi" width="1128" height="606" />
    <size key="GridCell.Tab.20.left.0.0.3024.1964@192dpi" width="2340" height="606" />
    <size key="GridCell.Tab.20.center.0.0.3024.1964@192dpi" width="2340" height="606" />
    <size key="GridCell.Tab.20.right.0.0.3024.1964@192dpi" width="2340" height="606" />
    <size key="GridCell.Tab.20.bottom.0.0.3024.1964@192dpi" width="2340" height="606" />
    <size key="GridCell.Tab.21.left.0.0.3024.1964@192dpi" width="2340" height="606" />
    <size key="GridCell.Tab.21.center.0.0.3024.1964@192dpi" width="2340" height="606" />
    <size key="GridCell.Tab.21.right.0.0.3024.1964@192dpi" width="2340" height="606" />
    <size key="GridCell.Tab.21.bottom.0.0.3024.1964@192dpi" width="2340" height="606" />
    <size key="GridCell.Tab.22.left.0.0.3024.1964@192dpi" width="2340" height="606" />
    <size key="GridCell.Tab.22.center.0.0.3024.1964@192dpi" width="2340" height="606" />
    <size key="GridCell.Tab.22.right.0.0.3024.1964@192dpi" width="2340" height="606" />
    <size key="GridCell.Tab.22.bottom.0.0.3024.1964@192dpi" width="2340" height="606" />
  </component>
  <component name="SingleStripeButtonsState">
    <id>Database</id>
    <id>Services</id>
  </component>
  <component name="WindowManager">
    <frame x="0" y="33" width="750" height="949" fullScreen="true" />
  </component>
</application>