<profile version="1.0">
  <option name="myName" value="Default" />
  <inspection_tool class="HtmlUnknownTag" enabled="true" level="WARNING" enabled_by_default="true">
    <option name="myValues">
      <value>
        <list size="10">
          <item index="0" class="java.lang.String" itemvalue="nobr" />
          <item index="1" class="java.lang.String" itemvalue="noembed" />
          <item index="2" class="java.lang.String" itemvalue="comment" />
          <item index="3" class="java.lang.String" itemvalue="noscript" />
          <item index="4" class="java.lang.String" itemvalue="embed" />
          <item index="5" class="java.lang.String" itemvalue="script" />
          <item index="6" class="java.lang.String" itemvalue="br" />
          <item index="7" class="java.lang.String" itemvalue="li" />
          <item index="8" class="java.lang.String" itemvalue="tfoot" />
          <item index="9" class="java.lang.String" itemvalue="p" />
        </list>
      </value>
    </option>
    <option name="myCustomValuesEnabled" value="true" />
  </inspection_tool>
  <inspection_tool class="PyPackageRequirementsInspection" enabled="true" level="WARNING" enabled_by_default="true" editorAttributes="WARNING_ATTRIBUTES" />
  <inspection_tool class="PyPep8NamingInspection" enabled="true" level="WEAK WARNING" enabled_by_default="true">
    <option name="ignoredErrors">
      <list>
        <option value="N802" />
      </list>
    </option>
  </inspection_tool>
  <inspection_tool class="PyUnresolvedReferencesInspection" enabled="true" level="WARNING" enabled_by_default="true">
    <option name="ignoredIdentifiers">
      <list>
        <option value="tests.factories.CustomerCatalogFactory.id" />
      </list>
    </option>
  </inspection_tool>
  <inspection_tool class="Stylelint" enabled="true" level="ERROR" enabled_by_default="true" />
</profile>