<application>
  <component name="LafManager">
    <laf themeId="f92a0fa7-1a98-47cd-b5cb-78ff67e6f4f3" />
    <lafs-to-previous-schemes>
      <laf-to-scheme laf="1a92aa6f-c2f1-4994-ae01-6a78e43eeb24" scheme="_@user_Default" />
      <laf-to-scheme laf="4b6007f7-b596-4ee2-96f9-968d3d3eb392" scheme="_@user_Default" />
      <laf-to-scheme laf="4f556d32-83cb-4b8b-9932-c4eccc4ce3af" scheme="_@user_One Dark" />
      <laf-to-scheme laf="ExperimentalDark" scheme="_@user_One Dark Vivid" />
      <laf-to-scheme laf="com.github.catppuccin.mocha.jetbrains" scheme="_@user_Catppuccin Mocha (no italics)" />
    </lafs-to-previous-schemes>
  </component>
</application>