<application>
  <component name="SettingsSyncSettings">
    <option name="disabledCategories">
      <list>
        <option value="CODE" />
        <option value="PLUGINS" />
        <option value="TOOLS" />
      </list>
    </option>
    <option name="disabledSubcategories">
      <map>
        <entry key="PLUGINS">
          <value>
            <list>
              <option value="bundled" />
              <option value="Subversion" />
              <option value="com.chylex.intellij.inspectionlens" />
              <option value="com.markskelton.one-dark-theme" />
              <option value="com.koxudaxi.ruff" />
              <option value="Karma" />
            </list>
          </value>
        </entry>
      </map>
    </option>
    <option name="migrationFromOldStorageChecked" value="true" />
  </component>
</application>