<application>
  <component name="Trusted.Paths">
    <option name="TRUSTED_PROJECT_PATHS">
      <map>
        <entry key="$USER_HOME$/Deutsch" value="true" />
        <entry key="$USER_HOME$/Library/Caches/JetBrains/PyCharm2025.1/demo/PyCharmLearningProject" value="true" />
        <entry key="$USER_HOME$/PycharmProjects/ats-backend" value="true" />
        <entry key="$USER_HOME$/PycharmProjects/crypto-broker-backend" value="true" />
        <entry key="$USER_HOME$/PycharmProjects/crypto-gateway-backend" value="true" />
        <entry key="$USER_HOME$/PycharmProjects/django-log-inspector" value="true" />
        <entry key="$USER_HOME$/PycharmProjects/fraud-detector-backend" value="true" />
        <entry key="$USER_HOME$/PycharmProjects/kyc-backend" value="true" />
        <entry key="$USER_HOME$/PycharmProjects/laboratory" value="true" />
        <entry key="$USER_HOME$/PycharmProjects/laboratory/laboratory" value="true" />
        <entry key="$USER_HOME$/PycharmProjects/link-service-backend" value="true" />
        <entry key="$USER_HOME$/PycharmProjects/metrics" value="true" />
        <entry key="$USER_HOME$/PycharmProjects/myez" value="true" />
        <entry key="$USER_HOME$/PycharmProjects/python-ci" value="true" />
        <entry key="$USER_HOME$/PycharmProjects/safeupload/safeupload" value="true" />
        <entry key="$USER_HOME$/PycharmProjects/stock-manager" value="true" />
        <entry key="$USER_HOME$/PycharmProjects/stock-manager-backend" value="true" />
        <entry key="$USER_HOME$/PycharmProjects/uv-docker-example" value="true" />
        <entry key="$USER_HOME$/expr/python_scripts" value="true" />
      </map>
    </option>
  </component>
  <component name="Trusted.Paths.Settings">
    <option name="TRUSTED_PATHS">
      <list>
        <option value="$USER_HOME$/PycharmProjects" />
        <option value="$USER_HOME$/expr" />
      </list>
    </option>
  </component>
</application>