<application>
  <component name="Trusted.Paths">
    <option name="TRUSTED_PROJECT_PATHS">
      <map>
        <entry key="$USER_HOME$/Deutsch" value="true" />
        <entry key="$USER_HOME$/Downloads" value="true" />
        <entry key="$USER_HOME$/MojoLand/hello-world" value="true" />
        <entry key="$USER_HOME$/PycharmProjects" value="true" />
        <entry key="$USER_HOME$/PycharmProjects/advent-of-code-2023/advent-of-code-2023" value="true" />
        <entry key="$USER_HOME$/PycharmProjects/async_for/async_for" value="true" />
        <entry key="$USER_HOME$/PycharmProjects/ats-backend" value="true" />
        <entry key="$USER_HOME$/PycharmProjects/crypto-broker-backend" value="true" />
        <entry key="$USER_HOME$/PycharmProjects/crypto-gateway-backend" value="true" />
        <entry key="$USER_HOME$/PycharmProjects/demo/demo" value="true" />
        <entry key="$USER_HOME$/PycharmProjects/django-live-logs" value="true" />
        <entry key="$USER_HOME$/PycharmProjects/django-log-inspector" value="true" />
        <entry key="$USER_HOME$/PycharmProjects/djangoProject" value="true" />
        <entry key="$USER_HOME$/PycharmProjects/django_docker_publish" value="true" />
        <entry key="$USER_HOME$/PycharmProjects/ezpin-backend" value="true" />
        <entry key="$USER_HOME$/PycharmProjects/fast-chat" value="true" />
        <entry key="$USER_HOME$/PycharmProjects/gdrive" value="true" />
        <entry key="$USER_HOME$/PycharmProjects/hipin-backend" value="true" />
        <entry key="$USER_HOME$/PycharmProjects/hipin-backend-mysql" value="true" />
        <entry key="$USER_HOME$/PycharmProjects/htmx-lab" value="true" />
        <entry key="$USER_HOME$/PycharmProjects/htmx_lab" value="true" />
        <entry key="$USER_HOME$/PycharmProjects/image_weaver" value="true" />
        <entry key="$USER_HOME$/PycharmProjects/interview" value="true" />
        <entry key="$USER_HOME$/PycharmProjects/interview-2024" value="true" />
        <entry key="$USER_HOME$/PycharmProjects/kyc-backend" value="true" />
        <entry key="$USER_HOME$/PycharmProjects/lab" value="true" />
        <entry key="$USER_HOME$/PycharmProjects/lab/lab" value="true" />
        <entry key="$USER_HOME$/PycharmProjects/laboratory/laboratory" value="true" />
        <entry key="$USER_HOME$/PycharmProjects/match-prediction-app" value="true" />
        <entry key="$USER_HOME$/PycharmProjects/one-million-checkboxes" value="true" />
        <entry key="$USER_HOME$/PycharmProjects/safeupload/safeupload" value="true" />
        <entry key="$USER_HOME$/PycharmProjects/sarafi-appointment/sarafi-appointment" value="true" />
        <entry key="$USER_HOME$/PycharmProjects/sarafi-melli" value="true" />
        <entry key="$USER_HOME$/PycharmProjects/sarafi_melli/sarafi_melli" value="true" />
        <entry key="$USER_HOME$/PycharmProjects/sarafi_melli_bot/sarafi_melli_bot" value="true" />
        <entry key="$USER_HOME$/PycharmProjects/stock-manager" value="true" />
        <entry key="$USER_HOME$/PycharmProjects/stock-manager-backend" value="true" />
        <entry key="$USER_HOME$/PycharmProjects/stock-manager-before" value="true" />
        <entry key="$USER_HOME$/PycharmProjects/telegram-fuse" value="true" />
        <entry key="$USER_HOME$/PycharmProjects/tron_gateway" value="true" />
        <entry key="$USER_HOME$/PycharmProjects/wallet_manager" value="true" />
        <entry key="$USER_HOME$/PycharmProjects/yt-dl/yt-dl" value="true" />
        <entry key="$USER_HOME$/dotfiles" value="true" />
        <entry key="$USER_HOME$/expr/jitsi" value="true" />
        <entry key="$USER_HOME$/expr/project" value="true" />
        <entry key="$USER_HOME$/expr/quera_challenge" value="true" />
        <entry key="$USER_HOME$/sarafi-melli/pythonProject" value="true" />
        <entry key="$USER_HOME$/sarafi-melli/sarafi-melli" value="true" />
        <entry key="$USER_HOME$/sarafi-melli/sarafi_melli_appointment" value="true" />
        <entry key="$USER_HOME$/sarafi_melli_appointment/sarafi_melli_appointment" value="true" />
      </map>
    </option>
  </component>
  <component name="Trusted.Paths.Settings">
    <option name="TRUSTED_PATHS">
      <list>
        <option value="$USER_HOME$/PycharmProjects" />
        <option value="$USER_HOME$/expr" />
        <option value="$USER_HOME$/MojoLand" />
      </list>
    </option>
  </component>
</application>