<application>
  <component name="DimensionService">
    <location key="find.popup.0.0.3024.1964@192dpi" x="972" y="306" />
    <location key="find.popup.-228.-1080.1920.1080" x="432" y="-944" />
    <location key="find.popup.-1920.-98.1920.1080" x="-1266" y="43" />
    <location key="find.popup.-233.-1080.1920.1080" x="491" y="-965" />
    <location key="find.popup.-211.-1080.1920.1080" x="449" y="-944" />
    <size key="GridCell.Tab.0.left.0.0.3024.1964@192dpi" width="2860" height="1092" />
    <size key="GridCell.Tab.0.center.0.0.3024.1964@192dpi" width="2860" height="1092" />
    <size key="GridCell.Tab.0.right.0.0.3024.1964@192dpi" width="2860" height="1092" />
    <size key="GridCell.Tab.0.bottom.0.0.3024.1964@192dpi" width="2860" height="1092" />
    <size key="GridCell.Tab.1.left.0.0.3024.1964@192dpi" width="2860" height="1092" />
    <size key="GridCell.Tab.1.center.0.0.3024.1964@192dpi" width="2860" height="1092" />
    <size key="GridCell.Tab.1.right.0.0.3024.1964@192dpi" width="2860" height="1092" />
    <size key="GridCell.Tab.1.bottom.0.0.3024.1964@192dpi" width="2860" height="1092" />
    <size key="find.popup.0.0.3024.1964@192dpi" width="1516" height="1080" />
    <size key="GridCell.Tab.0.left.-228.-1080.1920.1080" width="1838" height="365" />
    <size key="GridCell.Tab.0.center.-228.-1080.1920.1080" width="1838" height="365" />
    <size key="GridCell.Tab.0.right.-228.-1080.1920.1080" width="1838" height="365" />
    <size key="GridCell.Tab.0.bottom.-228.-1080.1920.1080" width="1838" height="365" />
    <size key="find.popup.-228.-1080.1920.1080" width="643" height="540" />
    <size key="find.popup.-1920.-98.1920.1080" width="817" height="921" />
    <size key="GridCell.Tab.0.left.-211.-1080.1920.1080" width="1838" height="568" />
    <size key="GridCell.Tab.0.center.-211.-1080.1920.1080" width="1838" height="568" />
    <size key="GridCell.Tab.0.right.-211.-1080.1920.1080" width="1838" height="568" />
    <size key="GridCell.Tab.0.bottom.-211.-1080.1920.1080" width="1838" height="568" />
    <size key="GridCell.Tab.0.left.-1920.-98.1920.1080" width="1838" height="403" />
    <size key="GridCell.Tab.0.center.-1920.-98.1920.1080" width="1838" height="403" />
    <size key="GridCell.Tab.0.right.-1920.-98.1920.1080" width="1838" height="403" />
    <size key="GridCell.Tab.0.bottom.-1920.-98.1920.1080" width="1838" height="403" />
    <size key="GridCell.Tab.1.left.-1920.-98.1920.1080" width="1838" height="403" />
    <size key="GridCell.Tab.1.center.-1920.-98.1920.1080" width="1838" height="403" />
    <size key="GridCell.Tab.1.right.-1920.-98.1920.1080" width="1838" height="403" />
    <size key="GridCell.Tab.1.bottom.-1920.-98.1920.1080" width="1838" height="403" />
    <size key="GridCell.Tab.2.left.0.0.3024.1964@192dpi" width="2000" height="824" />
    <size key="GridCell.Tab.2.center.0.0.3024.1964@192dpi" width="2000" height="824" />
    <size key="GridCell.Tab.2.right.0.0.3024.1964@192dpi" width="2000" height="824" />
    <size key="GridCell.Tab.2.bottom.0.0.3024.1964@192dpi" width="2000" height="824" />
    <size key="GridCell.Tab.3.left.0.0.3024.1964@192dpi" width="2000" height="824" />
    <size key="GridCell.Tab.3.center.0.0.3024.1964@192dpi" width="2000" height="824" />
    <size key="GridCell.Tab.3.right.0.0.3024.1964@192dpi" width="2000" height="824" />
    <size key="GridCell.Tab.3.bottom.0.0.3024.1964@192dpi" width="2000" height="824" />
    <size key="find.popup.-233.-1080.1920.1080" width="643" height="810" />
    <size key="GridCell.Tab.0.left.-233.-1080.1920.1080" width="1838" height="314" />
    <size key="GridCell.Tab.0.center.-233.-1080.1920.1080" width="1838" height="314" />
    <size key="GridCell.Tab.0.right.-233.-1080.1920.1080" width="1838" height="314" />
    <size key="GridCell.Tab.0.bottom.-233.-1080.1920.1080" width="1838" height="314" />
    <size key="GridCell.Tab.1.left.-233.-1080.1920.1080" width="1838" height="314" />
    <size key="GridCell.Tab.1.center.-233.-1080.1920.1080" width="1838" height="314" />
    <size key="GridCell.Tab.1.right.-233.-1080.1920.1080" width="1838" height="314" />
    <size key="GridCell.Tab.1.bottom.-233.-1080.1920.1080" width="1838" height="314" />
    <size key="find.popup.-211.-1080.1920.1080" width="817" height="614" />
    <size key="GridCell.Tab.0.left.1512.-657.1920.1080" width="1838" height="314" />
    <size key="GridCell.Tab.0.center.1512.-657.1920.1080" width="1838" height="314" />
    <size key="GridCell.Tab.0.right.1512.-657.1920.1080" width="1838" height="314" />
    <size key="GridCell.Tab.0.bottom.1512.-657.1920.1080" width="1838" height="314" />
    <size key="GridCell.Tab.1.left.1512.-657.1920.1080" width="1838" height="314" />
    <size key="GridCell.Tab.1.center.1512.-657.1920.1080" width="1838" height="314" />
    <size key="GridCell.Tab.1.right.1512.-657.1920.1080" width="1838" height="314" />
    <size key="GridCell.Tab.1.bottom.1512.-657.1920.1080" width="1838" height="314" />
  </component>
  <component name="WindowManager">
    <frame x="0" y="33" width="1512" height="949" extendedState="6" fullScreen="true" />
  </component>
  <component name="WindowStateApplicationService">
    <state width="516" height="167" key="ShowUsagesActions.dimensionServiceKey" timestamp="1759826418075">
      <screen x="0" y="34" width="1512" height="948" />
    </state>
    <state width="506" height="127" key="ShowUsagesActions.dimensionServiceKey/0.32.1512.950" timestamp="1754220930791" />
    <state width="516" height="167" key="ShowUsagesActions.dimensionServiceKey/0.34.1512.948" timestamp="1759826418075" />
    <state width="444" height="147" key="ShowUsagesActions.dimensionServiceKey/0.38.1512.944/-211.-1080.1920.1080" timestamp="1751525182843" />
    <state width="622" height="127" key="ShowUsagesActions.dimensionServiceKey/0.38.1512.944/-233.-1080.1920.1080" timestamp="1751275036400" />
    <state width="300" height="454" key="Vcs.CompareWithSelectedRevision.Popup" timestamp="1757936473664">
      <screen x="0" y="34" width="1512" height="948" />
    </state>
    <state width="300" height="454" key="Vcs.CompareWithSelectedRevision.Popup/0.34.1512.948" timestamp="1757936473664" />
    <state x="756" y="472" width="1000" height="734" key="WELCOME_SCREEN" timestamp="1759660937114">
      <screen x="0" y="34" width="1512" height="948" />
    </state>
    <state x="756" y="472" width="1000" height="734" key="WELCOME_SCREEN/0.34.1512.948" timestamp="1759660937114" />
  </component>
</application>