<application>
  <component name="DimensionService">
    <location key="find.popup.0.0.3024.1964@192dpi" x="1140" y="266" />
    <location key="find.popup.-228.-1080.1920.1080" x="432" y="-944" />
    <location key="find.popup.-1920.-98.1920.1080" x="-1266" y="43" />
    <location key="find.popup.-233.-1080.1920.1080" x="491" y="-965" />
    <location key="find.popup.-211.-1080.1920.1080" x="449" y="-944" />
    <size key="GridCell.Tab.0.left.0.0.3024.1964@192dpi" width="2860" height="628" />
    <size key="GridCell.Tab.0.center.0.0.3024.1964@192dpi" width="2860" height="628" />
    <size key="GridCell.Tab.0.right.0.0.3024.1964@192dpi" width="2860" height="628" />
    <size key="GridCell.Tab.0.bottom.0.0.3024.1964@192dpi" width="2860" height="628" />
    <size key="GridCell.Tab.1.left.0.0.3024.1964@192dpi" width="3676" height="628" />
    <size key="GridCell.Tab.1.center.0.0.3024.1964@192dpi" width="3676" height="628" />
    <size key="GridCell.Tab.1.right.0.0.3024.1964@192dpi" width="3676" height="628" />
    <size key="GridCell.Tab.1.bottom.0.0.3024.1964@192dpi" width="3676" height="628" />
    <size key="find.popup.0.0.3024.1964@192dpi" width="1286" height="1426" />
    <size key="GridCell.Tab.0.left.-228.-1080.1920.1080" width="1838" height="365" />
    <size key="GridCell.Tab.0.center.-228.-1080.1920.1080" width="1838" height="365" />
    <size key="GridCell.Tab.0.right.-228.-1080.1920.1080" width="1838" height="365" />
    <size key="GridCell.Tab.0.bottom.-228.-1080.1920.1080" width="1838" height="365" />
    <size key="find.popup.-228.-1080.1920.1080" width="643" height="540" />
    <size key="find.popup.-1920.-98.1920.1080" width="817" height="921" />
    <size key="GridCell.Tab.0.left.-211.-1080.1920.1080" width="1838" height="568" />
    <size key="GridCell.Tab.0.center.-211.-1080.1920.1080" width="1838" height="568" />
    <size key="GridCell.Tab.0.right.-211.-1080.1920.1080" width="1838" height="568" />
    <size key="GridCell.Tab.0.bottom.-211.-1080.1920.1080" width="1838" height="568" />
    <size key="GridCell.Tab.0.left.-1920.-98.1920.1080" width="1838" height="403" />
    <size key="GridCell.Tab.0.center.-1920.-98.1920.1080" width="1838" height="403" />
    <size key="GridCell.Tab.0.right.-1920.-98.1920.1080" width="1838" height="403" />
    <size key="GridCell.Tab.0.bottom.-1920.-98.1920.1080" width="1838" height="403" />
    <size key="GridCell.Tab.1.left.-1920.-98.1920.1080" width="1838" height="403" />
    <size key="GridCell.Tab.1.center.-1920.-98.1920.1080" width="1838" height="403" />
    <size key="GridCell.Tab.1.right.-1920.-98.1920.1080" width="1838" height="403" />
    <size key="GridCell.Tab.1.bottom.-1920.-98.1920.1080" width="1838" height="403" />
    <size key="GridCell.Tab.2.left.0.0.3024.1964@192dpi" width="2000" height="824" />
    <size key="GridCell.Tab.2.center.0.0.3024.1964@192dpi" width="2000" height="824" />
    <size key="GridCell.Tab.2.right.0.0.3024.1964@192dpi" width="2000" height="824" />
    <size key="GridCell.Tab.2.bottom.0.0.3024.1964@192dpi" width="2000" height="824" />
    <size key="GridCell.Tab.3.left.0.0.3024.1964@192dpi" width="2000" height="824" />
    <size key="GridCell.Tab.3.center.0.0.3024.1964@192dpi" width="2000" height="824" />
    <size key="GridCell.Tab.3.right.0.0.3024.1964@192dpi" width="2000" height="824" />
    <size key="GridCell.Tab.3.bottom.0.0.3024.1964@192dpi" width="2000" height="824" />
    <size key="find.popup.-233.-1080.1920.1080" width="643" height="810" />
    <size key="GridCell.Tab.0.left.-233.-1080.1920.1080" width="1838" height="314" />
    <size key="GridCell.Tab.0.center.-233.-1080.1920.1080" width="1838" height="314" />
    <size key="GridCell.Tab.0.right.-233.-1080.1920.1080" width="1838" height="314" />
    <size key="GridCell.Tab.0.bottom.-233.-1080.1920.1080" width="1838" height="314" />
    <size key="GridCell.Tab.1.left.-233.-1080.1920.1080" width="1838" height="314" />
    <size key="GridCell.Tab.1.center.-233.-1080.1920.1080" width="1838" height="314" />
    <size key="GridCell.Tab.1.right.-233.-1080.1920.1080" width="1838" height="314" />
    <size key="GridCell.Tab.1.bottom.-233.-1080.1920.1080" width="1838" height="314" />
    <size key="find.popup.-211.-1080.1920.1080" width="817" height="614" />
  </component>
  <component name="WindowManager">
    <frame x="0" y="37" width="1512" height="945" extendedState="6" fullScreen="true" />
  </component>
  <component name="WindowStateApplicationService">
    <state width="444" height="147" key="ShowUsagesActions.dimensionServiceKey" timestamp="1752736610317">
      <screen x="0" y="32" width="1512" height="950" />
    </state>
    <state width="444" height="147" key="ShowUsagesActions.dimensionServiceKey/0.32.1512.950" timestamp="1752736610317" />
    <state width="407" height="127" key="ShowUsagesActions.dimensionServiceKey/0.32.1512.950/-1920.-73.1920.1055" timestamp="1747631465622" />
    <state width="615" height="207" key="ShowUsagesActions.dimensionServiceKey/0.38.1512.944/-1920.-98.1920.1080" timestamp="1749631527591" />
    <state width="444" height="147" key="ShowUsagesActions.dimensionServiceKey/0.38.1512.944/-211.-1080.1920.1080" timestamp="1751525182843" />
    <state width="474" height="107" key="ShowUsagesActions.dimensionServiceKey/0.38.1512.944/-228.-1080.1920.1080" timestamp="1745825558443" />
    <state width="622" height="127" key="ShowUsagesActions.dimensionServiceKey/0.38.1512.944/-233.-1080.1920.1080" timestamp="1751275036400" />
    <state x="756" y="474" width="1000" height="730" key="WELCOME_SCREEN" timestamp="1751182043502">
      <screen x="0" y="38" width="1512" height="944" />
    </state>
    <state x="755" y="470" width="1000" height="735" key="WELCOME_SCREEN/0.38.1512.944" timestamp="1748788208775" />
    <state x="756" y="474" width="1000" height="730" key="WELCOME_SCREEN/0.38.1512.944/-1920.-73.1920.1055" timestamp="1748845232821" />
    <state x="756" y="473" width="1000" height="725" key="WELCOME_SCREEN/0.38.1512.944/-228.-1055.1920.1055" timestamp="1745734728239" />
    <state x="756" y="474" width="1000" height="730" key="WELCOME_SCREEN/0.38.1512.944/-233.-1055.1920.1055" timestamp="1751182043502" />
  </component>
</application>