<application>
  <component name="DimensionService">
    <location key="find.popup.0.0.2940.1912@192dpi" x="812" y="334" />
    <location key="find.popup.-117.-1080.1920.1080" x="556" y="-924" />
    <location key="find.popup.-236.-1080.1920.1080" x="380" y="-893" />
    <location key="find.popup.-260.-1080.1920.1080" x="104" y="-933" />
    <location key="find.popup.-267.-1080.1920.1080" x="250" y="-934" />
    <location key="find.popup.1036.-1080.1920.1080" x="1400" y="-933" />
    <location key="find.popup.-1920.-366.1920.1080" x="-1390" y="-208" />
    <size key="GridCell.Tab.0.left.0.0.2940.1912@192dpi" width="3676" height="836" />
    <size key="GridCell.Tab.0.center.0.0.2940.1912@192dpi" width="3676" height="836" />
    <size key="GridCell.Tab.0.right.0.0.2940.1912@192dpi" width="3676" height="836" />
    <size key="GridCell.Tab.0.bottom.0.0.2940.1912@192dpi" width="3676" height="836" />
    <size key="find.popup.0.0.2940.1912@192dpi" width="1648" height="1380" />
    <size key="GridCell.Tab.1.left.0.0.2940.1912@192dpi" width="2776" height="632" />
    <size key="GridCell.Tab.1.center.0.0.2940.1912@192dpi" width="2776" height="632" />
    <size key="GridCell.Tab.1.right.0.0.2940.1912@192dpi" width="2776" height="632" />
    <size key="GridCell.Tab.1.bottom.0.0.2940.1912@192dpi" width="2776" height="632" />
    <size key="find.popup.-117.-1080.1920.1080" width="836" height="618" />
    <size key="find.popup.-236.-1080.1920.1080" width="836" height="697" />
    <size key="GridCell.Tab.0.left.-236.-1080.1920.1080" width="1878" height="328" />
    <size key="GridCell.Tab.0.center.-236.-1080.1920.1080" width="1878" height="328" />
    <size key="GridCell.Tab.0.right.-236.-1080.1920.1080" width="1878" height="328" />
    <size key="GridCell.Tab.0.bottom.-236.-1080.1920.1080" width="1878" height="328" />
    <size key="GridCell.Tab.1.left.-236.-1080.1920.1080" width="1876" height="404" />
    <size key="GridCell.Tab.1.center.-236.-1080.1920.1080" width="1876" height="404" />
    <size key="GridCell.Tab.1.right.-236.-1080.1920.1080" width="1876" height="404" />
    <size key="GridCell.Tab.1.bottom.-236.-1080.1920.1080" width="1876" height="404" />
    <size key="find.popup.-260.-1080.1920.1080" width="643" height="540" />
    <size key="GridCell.Tab.0.left.-260.-1080.1920.1080" width="1838" height="375" />
    <size key="GridCell.Tab.0.center.-260.-1080.1920.1080" width="1838" height="375" />
    <size key="GridCell.Tab.0.right.-260.-1080.1920.1080" width="1838" height="375" />
    <size key="GridCell.Tab.0.bottom.-260.-1080.1920.1080" width="1838" height="375" />
    <size key="GridCell.Tab.1.left.-260.-1080.1920.1080" width="1838" height="375" />
    <size key="GridCell.Tab.1.center.-260.-1080.1920.1080" width="1838" height="375" />
    <size key="GridCell.Tab.1.right.-260.-1080.1920.1080" width="1838" height="375" />
    <size key="GridCell.Tab.1.bottom.-260.-1080.1920.1080" width="1838" height="375" />
    <size key="GridCell.Tab.0.left.-314.-1080.1920.1080" width="1854" height="481" />
    <size key="GridCell.Tab.0.center.-314.-1080.1920.1080" width="1854" height="481" />
    <size key="GridCell.Tab.0.right.-314.-1080.1920.1080" width="1854" height="481" />
    <size key="GridCell.Tab.0.bottom.-314.-1080.1920.1080" width="1854" height="481" />
    <size key="GridCell.Tab.0.left.-267.-1080.1920.1080" width="1854" height="341" />
    <size key="GridCell.Tab.0.center.-267.-1080.1920.1080" width="1854" height="341" />
    <size key="GridCell.Tab.0.right.-267.-1080.1920.1080" width="1854" height="341" />
    <size key="GridCell.Tab.0.bottom.-267.-1080.1920.1080" width="1854" height="341" />
    <size key="find.popup.-267.-1080.1920.1080" width="1092" height="815" />
    <size key="GridCell.Tab.1.left.-267.-1080.1920.1080" width="1854" height="341" />
    <size key="GridCell.Tab.1.center.-267.-1080.1920.1080" width="1854" height="341" />
    <size key="GridCell.Tab.1.right.-267.-1080.1920.1080" width="1854" height="341" />
    <size key="GridCell.Tab.1.bottom.-267.-1080.1920.1080" width="1854" height="341" />
    <size key="GridCell.Tab.0.left.1036.-1080.1920.1080" width="1838" height="354" />
    <size key="GridCell.Tab.0.center.1036.-1080.1920.1080" width="1838" height="354" />
    <size key="GridCell.Tab.0.right.1036.-1080.1920.1080" width="1838" height="354" />
    <size key="GridCell.Tab.0.bottom.1036.-1080.1920.1080" width="1838" height="354" />
    <size key="GridCell.Tab.1.left.1036.-1080.1920.1080" width="1838" height="354" />
    <size key="GridCell.Tab.1.center.1036.-1080.1920.1080" width="1838" height="354" />
    <size key="GridCell.Tab.1.right.1036.-1080.1920.1080" width="1838" height="354" />
    <size key="GridCell.Tab.1.bottom.1036.-1080.1920.1080" width="1838" height="354" />
    <size key="find.popup.1036.-1080.1920.1080" width="1244" height="853" />
    <size key="find.popup.-1920.-366.1920.1080" width="967" height="770" />
    <size key="GridCell.Tab.0.left.-1920.-366.1920.1080" width="1838" height="418" />
    <size key="GridCell.Tab.0.center.-1920.-366.1920.1080" width="1838" height="418" />
    <size key="GridCell.Tab.0.right.-1920.-366.1920.1080" width="1838" height="418" />
    <size key="GridCell.Tab.0.bottom.-1920.-366.1920.1080" width="1838" height="418" />
    <size key="GridCell.Tab.1.left.-1920.-366.1920.1080" width="1838" height="428" />
    <size key="GridCell.Tab.1.center.-1920.-366.1920.1080" width="1838" height="428" />
    <size key="GridCell.Tab.1.right.-1920.-366.1920.1080" width="1838" height="428" />
    <size key="GridCell.Tab.1.bottom.-1920.-366.1920.1080" width="1838" height="428" />
  </component>
  <component name="WindowManager">
    <frame x="-1920" y="-366" width="1920" height="1080" fullScreen="true" />
  </component>
  <component name="WindowStateApplicationService">
    <state width="497" height="187" key="ShowUsagesActions.dimensionServiceKey" timestamp="1730291792774">
      <screen x="0" y="37" width="1470" height="919" />
    </state>
    <state width="509" height="167" key="ShowUsagesActions.dimensionServiceKey/0.32.1470.924" timestamp="1730189320576" />
    <state width="497" height="187" key="ShowUsagesActions.dimensionServiceKey/0.37.1470.919/-1920.-366.1920.1080" timestamp="1730291792774" />
    <state width="652" height="139" key="ShowUsagesActions.dimensionServiceKey/0.37.1470.919/1036.-1080.1920.1080" timestamp="1725955081478" />
    <state width="300" height="439" key="Vcs.CompareWithSelectedRevision.Popup" timestamp="1729167877764">
      <screen x="0" y="32" width="1470" height="924" />
    </state>
    <state width="300" height="439" key="Vcs.CompareWithSelectedRevision.Popup/0.32.1470.924" timestamp="1729167877764" />
    <state x="735" y="452" width="800" height="654" key="WELCOME_SCREEN" timestamp="1730010451562">
      <screen x="0" y="37" width="1470" height="919" />
    </state>
    <state x="735" y="449" width="800" height="658" key="WELCOME_SCREEN/0.37.1470.919" timestamp="1729772409280" />
    <state x="735" y="452" width="800" height="654" key="WELCOME_SCREEN/0.37.1470.919/-1920.-341.1920.1055" timestamp="1730010451562" />
    <state x="735" y="452" width="800" height="654" key="WELCOME_SCREEN/0.37.1470.919/-260.-1055.1920.1055" timestamp="1728054421933" />
  </component>
</application>