<keymap version="1" name="macOS copy" parent="Mac OS X 10.5+">
  <action id="ActivateTerminalToolWindow">
    <keyboard-shortcut first-keystroke="ctrl back_quote" />
    <keyboard-shortcut first-keystroke="ctrl #10000a7" />
    <keyboard-shortcut first-keystroke="ctrl semicolon" />
  </action>
  <action id="BookmarksView.Create">
    <keyboard-shortcut first-keystroke="meta n" />
  </action>
  <action id="ChangesView.Move" />
  <action id="ClassNameCompletion" />
  <action id="CommentByBlockComment" />
  <action id="Console.Execute.Multiline" />
  <action id="Console.Jdbc.Execute" />
  <action id="Console.TableResult.SetDefault" />
  <action id="Console.TableResult.Submit" />
  <action id="Debug" />
  <action id="Diff.NextChange" />
  <action id="Diff.PrevChange" />
  <action id="DirDiffMenu.SynchronizeDiff.All" />
  <action id="Docker.RemoteServers.ConnectServer" />
  <action id="Docker.RemoteServers.StartComposeService" />
  <action id="EditorChooseLookupItemReplace">
    <keyboard-shortcut first-keystroke="tab" />
    <keyboard-shortcut first-keystroke="ctrl y" />
  </action>
  <action id="EditorRight">
    <keyboard-shortcut first-keystroke="right" />
  </action>
  <action id="EditorSplitLine" />
  <action id="ExecuteInPyConsoleAction" />
  <action id="Generate">
    <keyboard-shortcut first-keystroke="meta n" />
  </action>
  <action id="GotoAction" />
  <action id="GotoBookmark0">
    <keyboard-shortcut first-keystroke="ctrl alt 0" />
  </action>
  <action id="GotoBookmark1">
    <keyboard-shortcut first-keystroke="ctrl alt 1" />
  </action>
  <action id="GotoBookmark2">
    <keyboard-shortcut first-keystroke="ctrl alt 2" />
  </action>
  <action id="GotoBookmark3">
    <keyboard-shortcut first-keystroke="ctrl alt 3" />
  </action>
  <action id="GotoBookmark4">
    <keyboard-shortcut first-keystroke="ctrl alt 4" />
  </action>
  <action id="GotoBookmark5">
    <keyboard-shortcut first-keystroke="ctrl alt 5" />
  </action>
  <action id="GotoBookmark6">
    <keyboard-shortcut first-keystroke="ctrl alt 6" />
  </action>
  <action id="GotoBookmark7">
    <keyboard-shortcut first-keystroke="ctrl alt 7" />
  </action>
  <action id="GotoBookmark8">
    <keyboard-shortcut first-keystroke="ctrl alt 8" />
  </action>
  <action id="GotoBookmark9">
    <keyboard-shortcut first-keystroke="ctrl alt 9" />
  </action>
  <action id="GotoFile" />
  <action id="Jdbc.OpenConsole.New" />
  <action id="Jdbc.OpenConsole.New.Generate" />
  <action id="JupyterNotebookMoveCellDownCommandModeAction">
    <keyboard-shortcut first-keystroke="alt down" />
  </action>
  <action id="List-selectNextColumn">
    <keyboard-shortcut first-keystroke="right" />
  </action>
  <action id="MethodDown" />
  <action id="MethodUp" />
  <action id="MinimizeCurrentWindow" />
  <action id="NewElement">
    <keyboard-shortcut first-keystroke="meta n" />
  </action>
  <action id="NextEditorTab" />
  <action id="NextTab" />
  <action id="NotebookRunCellAction" />
  <action id="NotebookSelectCellAboveAction" />
  <action id="NotebookSelectCellBelowAction" />
  <action id="PreviousEditorTab" />
  <action id="PreviousTab" />
  <action id="PreviousWindow" />
  <action id="PyExecuteCellAction" />
  <action id="QuickChangeScheme" />
  <action id="ResetIdeScaleAction" />
  <action id="Run" />
  <action id="ShowContent" />
  <action id="SplitChooser.Duplicate" />
  <action id="Terminal.ClearPrompt" />
  <action id="Terminal.SearchInCommandHistory" />
  <action id="Terminal.SmartCommandExecution.Run" />
  <action id="Terminal.SwitchFocusToEditor" />
  <action id="TodoViewGroupByFlattenPackage" />
  <action id="ToggleFindInSelection">
    <keyboard-shortcut first-keystroke="shift meta o" />
  </action>
  <action id="UsageFiltering.ReadAccess" />
  <action id="UsageGrouping.DirectoryStructure" />
  <action id="Vcs.MoveChangedLinesToChangelist" />
  <action id="ViewSource" />
</keymap>