<keymap version="1" name="macOS copy" parent="Mac OS X 10.5+">
  <action id="ActivateTerminalToolWindow">
    <keyboard-shortcut first-keystroke="ctrl back_quote" />
    <keyboard-shortcut first-keystroke="ctrl #10000a7" />
  </action>
  <action id="Debug">
    <keyboard-shortcut first-keystroke="ctrl y" />
  </action>
  <action id="JupyterNotebookMoveCellDownCommandModeAction">
    <keyboard-shortcut first-keystroke="alt down" />
  </action>
  <action id="MethodDown" />
  <action id="MethodUp" />
  <action id="QuickChangeScheme" />
  <action id="Terminal.SwitchFocusToEditor" />
  <action id="UsageFiltering.ReadAccess" />
  <action id="UsageGrouping.DirectoryStructure" />
</keymap>