<keymap version="1" name="macOS copy" parent="Mac OS X 10.5+">
  <action id="ActivateTerminalToolWindow">
    <keyboard-shortcut first-keystroke="ctrl back_quote" />
    <keyboard-shortcut first-keystroke="ctrl #10000a7" />
  </action>
  <action id="ChangesView.Move" />
  <action id="ClassNameCompletion" />
  <action id="CommentByBlockComment" />
  <action id="Console.TableResult.SetDefault" />
  <action id="Debug">
    <keyboard-shortcut first-keystroke="ctrl alt y" />
  </action>
  <action id="Diff.NextChange" />
  <action id="Diff.PrevChange" />
  <action id="ExecuteInPyConsoleAction" />
  <action id="GotoAction" />
  <action id="GotoFile" />
  <action id="Jdbc.OpenConsole.New" />
  <action id="Jdbc.OpenConsole.New.Generate" />
  <action id="JupyterNotebookMoveCellDownCommandModeAction">
    <keyboard-shortcut first-keystroke="alt down" />
  </action>
  <action id="MethodDown" />
  <action id="MethodUp" />
  <action id="NextEditorTab" />
  <action id="NextTab" />
  <action id="NotebookSelectCellAboveAction" />
  <action id="NotebookSelectCellBelowAction" />
  <action id="PreviousEditorTab" />
  <action id="PreviousTab" />
  <action id="PyExecuteCellAction" />
  <action id="QuickChangeScheme" />
  <action id="Run">
    <keyboard-shortcut first-keystroke="ctrl y" />
  </action>
  <action id="ShowContent" />
  <action id="Terminal.SwitchFocusToEditor" />
  <action id="ToggleFindInSelection">
    <keyboard-shortcut first-keystroke="shift meta o" />
  </action>
  <action id="UsageFiltering.ReadAccess" />
  <action id="UsageGrouping.DirectoryStructure" />
  <action id="Vcs.MoveChangedLinesToChangelist" />
</keymap>